,ids
0,ALE/Tetris-v5
1,ALE/Tetris-ram-v5
2,ALE/Surround-v5
3,ALE/Surround-ram-v5
4,ALE/Pitfall2-v5
5,ALE/Pitfall2-ram-v5
6,ALE/Centipede-v5
7,ALE/Centipede-ram-v5
8,ALE/TicTacToe3D-v5
9,ALE/TicTacToe3D-ram-v5
10,ALE/Qbert-v5
11,ALE/Qbert-ram-v5
12,ALE/Jamesbond-v5
13,ALE/Jamesbond-ram-v5
14,ALE/Robotank-v5
15,ALE/Robotank-ram-v5
16,ALE/Frostbite-v5
17,ALE/Frostbite-ram-v5
18,ALE/HumanCannonball-v5
19,ALE/HumanCannonball-ram-v5
20,ALE/AirRaid-v5
21,ALE/AirRaid-ram-v5
22,ALE/DonkeyKong-v5
23,ALE/DonkeyKong-ram-v5
24,ALE/WizardOfWor-v5
25,ALE/WizardOfWor-ram-v5
26,ALE/Seaquest-v5
27,ALE/Seaquest-ram-v5
28,ALE/StarGunner-v5
29,ALE/StarGunner-ram-v5
30,ALE/Et-v5
31,ALE/Et-ram-v5
32,ALE/Amidar-v5
33,ALE/Amidar-ram-v5
34,ALE/Turmoil-v5
35,ALE/Turmoil-ram-v5
36,ALE/KungFuMaster-v5
37,ALE/KungFuMaster-ram-v5
38,ALE/Alien-v5
39,ALE/Alien-ram-v5
40,ALE/Videocube-v5
41,ALE/Videocube-ram-v5
42,ALE/Tutankham-v5
43,ALE/Tutankham-ram-v5
44,ALE/BattleZone-v5
45,ALE/BattleZone-ram-v5
46,ALE/Zaxxon-v5
47,ALE/Zaxxon-ram-v5
48,ALE/Darkchambers-v5
49,ALE/Darkchambers-ram-v5
50,ALE/ElevatorAction-v5
51,ALE/ElevatorAction-ram-v5
52,ALE/Berzerk-v5
53,ALE/Berzerk-ram-v5
54,ALE/Freeway-v5
55,ALE/Freeway-ram-v5
56,ALE/Enduro-v5
57,ALE/Enduro-ram-v5
58,ALE/Kangaroo-v5
59,ALE/Kangaroo-ram-v5
60,ALE/Earthworld-v5
61,ALE/Earthworld-ram-v5
62,ALE/Bowling-v5
63,ALE/Bowling-ram-v5
64,ALE/MontezumaRevenge-v5
65,ALE/MontezumaRevenge-ram-v5
66,ALE/Videochess-v5
67,ALE/Videochess-ram-v5
68,ALE/KeystoneKapers-v5
69,ALE/KeystoneKapers-ram-v5
70,ALE/PrivateEye-v5
71,ALE/PrivateEye-ram-v5
72,ALE/ChopperCommand-v5
73,ALE/ChopperCommand-ram-v5
74,ALE/Riverraid-v5
75,ALE/Riverraid-ram-v5
76,ALE/KingKong-v5
77,ALE/KingKong-ram-v5
78,ALE/Galaxian-v5
79,ALE/Galaxian-ram-v5
80,ALE/SpaceInvaders-v5
81,ALE/SpaceInvaders-ram-v5
82,ALE/Atlantis2-v5
83,ALE/Atlantis2-ram-v5
84,ALE/Pacman-v5
85,ALE/Pacman-ram-v5
86,ALE/VideoCheckers-v5
87,ALE/VideoCheckers-ram-v5
88,ALE/Solaris-v5
89,ALE/Solaris-ram-v5
90,ALE/SirLancelot-v5
91,ALE/SirLancelot-ram-v5
92,ALE/Adventure-v5
93,ALE/Adventure-ram-v5
94,ALE/WordZapper-v5
95,ALE/WordZapper-ram-v5
96,ALE/Entombed-v5
97,ALE/Entombed-ram-v5
98,ALE/FishingDerby-v5
99,ALE/FishingDerby-ram-v5
100,ALE/BeamRider-v5
101,ALE/BeamRider-ram-v5
102,ALE/FlagCapture-v5
103,ALE/FlagCapture-ram-v5
104,ALE/YarsRevenge-v5
105,ALE/YarsRevenge-ram-v5
106,ALE/IceHockey-v5
107,ALE/IceHockey-ram-v5
108,ALE/Frogger-v5
109,ALE/Frogger-ram-v5
110,ALE/NameThisGame-v5
111,ALE/NameThisGame-ram-v5
112,ALE/Blackjack-v5
113,ALE/Blackjack-ram-v5
114,ALE/MarioBros-v5
115,ALE/MarioBros-ram-v5
116,ALE/Hangman-v5
117,ALE/Hangman-ram-v5
118,ALE/BankHeist-v5
119,ALE/BankHeist-ram-v5
120,ALE/Carnival-v5
121,ALE/Carnival-ram-v5
122,ALE/Koolaid-v5
123,ALE/Koolaid-ram-v5
124,ALE/DemonAttack-v5
125,ALE/DemonAttack-ram-v5
126,ALE/TimePilot-v5
127,ALE/TimePilot-ram-v5
128,ALE/Gopher-v5
129,ALE/Gopher-ram-v5
130,ALE/Breakout-v5
131,ALE/Breakout-ram-v5
132,ALE/Tennis-v5
133,ALE/Tennis-ram-v5
134,ALE/MrDo-v5
135,ALE/MrDo-ram-v5
136,ALE/Pooyan-v5
137,ALE/Pooyan-ram-v5
138,ALE/Asteroids-v5
139,ALE/Asteroids-ram-v5
140,ALE/Assault-v5
141,ALE/Assault-ram-v5
142,ALE/Pitfall-v5
143,ALE/Pitfall-ram-v5
144,ALE/Atlantis-v5
145,ALE/Atlantis-ram-v5
146,ALE/HauntedHouse-v5
147,ALE/HauntedHouse-ram-v5
148,ALE/BasicMath-v5
149,ALE/BasicMath-ram-v5
150,ALE/VideoPinball-v5
151,ALE/VideoPinball-ram-v5
152,ALE/CrazyClimber-v5
153,ALE/CrazyClimber-ram-v5
154,ALE/MiniatureGolf-v5
155,ALE/MiniatureGolf-ram-v5
156,ALE/JourneyEscape-v5
157,ALE/JourneyEscape-ram-v5
158,ALE/Skiing-v5
159,ALE/Skiing-ram-v5
160,ALE/Phoenix-v5
161,ALE/Phoenix-ram-v5
162,ALE/UpNDown-v5
163,ALE/UpNDown-ram-v5
164,ALE/Backgammon-v5
165,ALE/Backgammon-ram-v5
166,ALE/LaserGates-v5
167,ALE/LaserGates-ram-v5
168,ALE/Othello-v5
169,ALE/Othello-ram-v5
170,ALE/Krull-v5
171,ALE/Krull-ram-v5
172,ALE/Klax-v5
173,ALE/Klax-ram-v5
174,ALE/Crossbow-v5
175,ALE/Crossbow-ram-v5
176,ALE/Boxing-v5
177,ALE/Boxing-ram-v5
178,ALE/Gravitar-v5
179,ALE/Gravitar-ram-v5
180,ALE/Asterix-v5
181,ALE/Asterix-ram-v5
182,ALE/Venture-v5
183,ALE/Venture-ram-v5
184,ALE/Defender-v5
185,ALE/Defender-ram-v5
186,ALE/LostLuggage-v5
187,ALE/LostLuggage-ram-v5
188,ALE/RoadRunner-v5
189,ALE/RoadRunner-ram-v5
190,ALE/DoubleDunk-v5
191,ALE/DoubleDunk-ram-v5
192,ALE/SpaceWar-v5
193,ALE/SpaceWar-ram-v5
194,ALE/Trondead-v5
195,ALE/Trondead-ram-v5
196,ALE/MsPacman-v5
197,ALE/MsPacman-ram-v5
198,ALE/Pong-v5
199,ALE/Pong-ram-v5
200,ALE/Kaboom-v5
201,ALE/Kaboom-ram-v5
202,ALE/Casino-v5
203,ALE/Casino-ram-v5
204,ALE/Hero-v5
205,ALE/Hero-ram-v5
206,ALE/Superman-v5
207,ALE/Superman-ram-v5
208,Adventure-v0
209,AdventureDeterministic-v0
210,AdventureNoFrameskip-v0
211,Adventure-v4
212,AdventureDeterministic-v4
213,AdventureNoFrameskip-v4
214,Adventure-ram-v0
215,Adventure-ramDeterministic-v0
216,Adventure-ramNoFrameskip-v0
217,Adventure-ram-v4
218,Adventure-ramDeterministic-v4
219,Adventure-ramNoFrameskip-v4
220,AirRaid-v0
221,AirRaidDeterministic-v0
222,AirRaidNoFrameskip-v0
223,AirRaid-v4
224,AirRaidDeterministic-v4
225,AirRaidNoFrameskip-v4
226,AirRaid-ram-v0
227,AirRaid-ramDeterministic-v0
228,AirRaid-ramNoFrameskip-v0
229,AirRaid-ram-v4
230,AirRaid-ramDeterministic-v4
231,AirRaid-ramNoFrameskip-v4
232,Alien-v0
233,AlienDeterministic-v0
234,AlienNoFrameskip-v0
235,Alien-v4
236,AlienDeterministic-v4
237,AlienNoFrameskip-v4
238,Alien-ram-v0
239,Alien-ramDeterministic-v0
240,Alien-ramNoFrameskip-v0
241,Alien-ram-v4
242,Alien-ramDeterministic-v4
243,Alien-ramNoFrameskip-v4
244,Amidar-v0
245,AmidarDeterministic-v0
246,AmidarNoFrameskip-v0
247,Amidar-v4
248,AmidarDeterministic-v4
249,AmidarNoFrameskip-v4
250,Amidar-ram-v0
251,Amidar-ramDeterministic-v0
252,Amidar-ramNoFrameskip-v0
253,Amidar-ram-v4
254,Amidar-ramDeterministic-v4
255,Amidar-ramNoFrameskip-v4
256,Assault-v0
257,AssaultDeterministic-v0
258,AssaultNoFrameskip-v0
259,Assault-v4
260,AssaultDeterministic-v4
261,AssaultNoFrameskip-v4
262,Assault-ram-v0
263,Assault-ramDeterministic-v0
264,Assault-ramNoFrameskip-v0
265,Assault-ram-v4
266,Assault-ramDeterministic-v4
267,Assault-ramNoFrameskip-v4
268,Asterix-v0
269,AsterixDeterministic-v0
270,AsterixNoFrameskip-v0
271,Asterix-v4
272,AsterixDeterministic-v4
273,AsterixNoFrameskip-v4
274,Asterix-ram-v0
275,Asterix-ramDeterministic-v0
276,Asterix-ramNoFrameskip-v0
277,Asterix-ram-v4
278,Asterix-ramDeterministic-v4
279,Asterix-ramNoFrameskip-v4
280,Asteroids-v0
281,AsteroidsDeterministic-v0
282,AsteroidsNoFrameskip-v0
283,Asteroids-v4
284,AsteroidsDeterministic-v4
285,AsteroidsNoFrameskip-v4
286,Asteroids-ram-v0
287,Asteroids-ramDeterministic-v0
288,Asteroids-ramNoFrameskip-v0
289,Asteroids-ram-v4
290,Asteroids-ramDeterministic-v4
291,Asteroids-ramNoFrameskip-v4
292,Atlantis-v0
293,AtlantisDeterministic-v0
294,AtlantisNoFrameskip-v0
295,Atlantis-v4
296,AtlantisDeterministic-v4
297,AtlantisNoFrameskip-v4
298,Atlantis-ram-v0
299,Atlantis-ramDeterministic-v0
300,Atlantis-ramNoFrameskip-v0
301,Atlantis-ram-v4
302,Atlantis-ramDeterministic-v4
303,Atlantis-ramNoFrameskip-v4
304,BankHeist-v0
305,BankHeistDeterministic-v0
306,BankHeistNoFrameskip-v0
307,BankHeist-v4
308,BankHeistDeterministic-v4
309,BankHeistNoFrameskip-v4
310,BankHeist-ram-v0
311,BankHeist-ramDeterministic-v0
312,BankHeist-ramNoFrameskip-v0
313,BankHeist-ram-v4
314,BankHeist-ramDeterministic-v4
315,BankHeist-ramNoFrameskip-v4
316,BattleZone-v0
317,BattleZoneDeterministic-v0
318,BattleZoneNoFrameskip-v0
319,BattleZone-v4
320,BattleZoneDeterministic-v4
321,BattleZoneNoFrameskip-v4
322,BattleZone-ram-v0
323,BattleZone-ramDeterministic-v0
324,BattleZone-ramNoFrameskip-v0
325,BattleZone-ram-v4
326,BattleZone-ramDeterministic-v4
327,BattleZone-ramNoFrameskip-v4
328,BeamRider-v0
329,BeamRiderDeterministic-v0
330,BeamRiderNoFrameskip-v0
331,BeamRider-v4
332,BeamRiderDeterministic-v4
333,BeamRiderNoFrameskip-v4
334,BeamRider-ram-v0
335,BeamRider-ramDeterministic-v0
336,BeamRider-ramNoFrameskip-v0
337,BeamRider-ram-v4
338,BeamRider-ramDeterministic-v4
339,BeamRider-ramNoFrameskip-v4
340,Berzerk-v0
341,BerzerkDeterministic-v0
342,BerzerkNoFrameskip-v0
343,Berzerk-v4
344,BerzerkDeterministic-v4
345,BerzerkNoFrameskip-v4
346,Berzerk-ram-v0
347,Berzerk-ramDeterministic-v0
348,Berzerk-ramNoFrameskip-v0
349,Berzerk-ram-v4
350,Berzerk-ramDeterministic-v4
351,Berzerk-ramNoFrameskip-v4
352,Bowling-v0
353,BowlingDeterministic-v0
354,BowlingNoFrameskip-v0
355,Bowling-v4
356,BowlingDeterministic-v4
357,BowlingNoFrameskip-v4
358,Bowling-ram-v0
359,Bowling-ramDeterministic-v0
360,Bowling-ramNoFrameskip-v0
361,Bowling-ram-v4
362,Bowling-ramDeterministic-v4
363,Bowling-ramNoFrameskip-v4
364,Boxing-v0
365,BoxingDeterministic-v0
366,BoxingNoFrameskip-v0
367,Boxing-v4
368,BoxingDeterministic-v4
369,BoxingNoFrameskip-v4
370,Boxing-ram-v0
371,Boxing-ramDeterministic-v0
372,Boxing-ramNoFrameskip-v0
373,Boxing-ram-v4
374,Boxing-ramDeterministic-v4
375,Boxing-ramNoFrameskip-v4
376,Breakout-v0
377,BreakoutDeterministic-v0
378,BreakoutNoFrameskip-v0
379,Breakout-v4
380,BreakoutDeterministic-v4
381,BreakoutNoFrameskip-v4
382,Breakout-ram-v0
383,Breakout-ramDeterministic-v0
384,Breakout-ramNoFrameskip-v0
385,Breakout-ram-v4
386,Breakout-ramDeterministic-v4
387,Breakout-ramNoFrameskip-v4
388,Carnival-v0
389,CarnivalDeterministic-v0
390,CarnivalNoFrameskip-v0
391,Carnival-v4
392,CarnivalDeterministic-v4
393,CarnivalNoFrameskip-v4
394,Carnival-ram-v0
395,Carnival-ramDeterministic-v0
396,Carnival-ramNoFrameskip-v0
397,Carnival-ram-v4
398,Carnival-ramDeterministic-v4
399,Carnival-ramNoFrameskip-v4
400,Centipede-v0
401,CentipedeDeterministic-v0
402,CentipedeNoFrameskip-v0
403,Centipede-v4
404,CentipedeDeterministic-v4
405,CentipedeNoFrameskip-v4
406,Centipede-ram-v0
407,Centipede-ramDeterministic-v0
408,Centipede-ramNoFrameskip-v0
409,Centipede-ram-v4
410,Centipede-ramDeterministic-v4
411,Centipede-ramNoFrameskip-v4
412,ChopperCommand-v0
413,ChopperCommandDeterministic-v0
414,ChopperCommandNoFrameskip-v0
415,ChopperCommand-v4
416,ChopperCommandDeterministic-v4
417,ChopperCommandNoFrameskip-v4
418,ChopperCommand-ram-v0
419,ChopperCommand-ramDeterministic-v0
420,ChopperCommand-ramNoFrameskip-v0
421,ChopperCommand-ram-v4
422,ChopperCommand-ramDeterministic-v4
423,ChopperCommand-ramNoFrameskip-v4
424,CrazyClimber-v0
425,CrazyClimberDeterministic-v0
426,CrazyClimberNoFrameskip-v0
427,CrazyClimber-v4
428,CrazyClimberDeterministic-v4
429,CrazyClimberNoFrameskip-v4
430,CrazyClimber-ram-v0
431,CrazyClimber-ramDeterministic-v0
432,CrazyClimber-ramNoFrameskip-v0
433,CrazyClimber-ram-v4
434,CrazyClimber-ramDeterministic-v4
435,CrazyClimber-ramNoFrameskip-v4
436,Defender-v0
437,DefenderDeterministic-v0
438,DefenderNoFrameskip-v0
439,Defender-v4
440,DefenderDeterministic-v4
441,DefenderNoFrameskip-v4
442,Defender-ram-v0
443,Defender-ramDeterministic-v0
444,Defender-ramNoFrameskip-v0
445,Defender-ram-v4
446,Defender-ramDeterministic-v4
447,Defender-ramNoFrameskip-v4
448,DemonAttack-v0
449,DemonAttackDeterministic-v0
450,DemonAttackNoFrameskip-v0
451,DemonAttack-v4
452,DemonAttackDeterministic-v4
453,DemonAttackNoFrameskip-v4
454,DemonAttack-ram-v0
455,DemonAttack-ramDeterministic-v0
456,DemonAttack-ramNoFrameskip-v0
457,DemonAttack-ram-v4
458,DemonAttack-ramDeterministic-v4
459,DemonAttack-ramNoFrameskip-v4
460,DoubleDunk-v0
461,DoubleDunkDeterministic-v0
462,DoubleDunkNoFrameskip-v0
463,DoubleDunk-v4
464,DoubleDunkDeterministic-v4
465,DoubleDunkNoFrameskip-v4
466,DoubleDunk-ram-v0
467,DoubleDunk-ramDeterministic-v0
468,DoubleDunk-ramNoFrameskip-v0
469,DoubleDunk-ram-v4
470,DoubleDunk-ramDeterministic-v4
471,DoubleDunk-ramNoFrameskip-v4
472,ElevatorAction-v0
473,ElevatorActionDeterministic-v0
474,ElevatorActionNoFrameskip-v0
475,ElevatorAction-v4
476,ElevatorActionDeterministic-v4
477,ElevatorActionNoFrameskip-v4
478,ElevatorAction-ram-v0
479,ElevatorAction-ramDeterministic-v0
480,ElevatorAction-ramNoFrameskip-v0
481,ElevatorAction-ram-v4
482,ElevatorAction-ramDeterministic-v4
483,ElevatorAction-ramNoFrameskip-v4
484,Enduro-v0
485,EnduroDeterministic-v0
486,EnduroNoFrameskip-v0
487,Enduro-v4
488,EnduroDeterministic-v4
489,EnduroNoFrameskip-v4
490,Enduro-ram-v0
491,Enduro-ramDeterministic-v0
492,Enduro-ramNoFrameskip-v0
493,Enduro-ram-v4
494,Enduro-ramDeterministic-v4
495,Enduro-ramNoFrameskip-v4
496,FishingDerby-v0
497,FishingDerbyDeterministic-v0
498,FishingDerbyNoFrameskip-v0
499,FishingDerby-v4
500,FishingDerbyDeterministic-v4
501,FishingDerbyNoFrameskip-v4
502,FishingDerby-ram-v0
503,FishingDerby-ramDeterministic-v0
504,FishingDerby-ramNoFrameskip-v0
505,FishingDerby-ram-v4
506,FishingDerby-ramDeterministic-v4
507,FishingDerby-ramNoFrameskip-v4
508,Freeway-v0
509,FreewayDeterministic-v0
510,FreewayNoFrameskip-v0
511,Freeway-v4
512,FreewayDeterministic-v4
513,FreewayNoFrameskip-v4
514,Freeway-ram-v0
515,Freeway-ramDeterministic-v0
516,Freeway-ramNoFrameskip-v0
517,Freeway-ram-v4
518,Freeway-ramDeterministic-v4
519,Freeway-ramNoFrameskip-v4
520,Frostbite-v0
521,FrostbiteDeterministic-v0
522,FrostbiteNoFrameskip-v0
523,Frostbite-v4
524,FrostbiteDeterministic-v4
525,FrostbiteNoFrameskip-v4
526,Frostbite-ram-v0
527,Frostbite-ramDeterministic-v0
528,Frostbite-ramNoFrameskip-v0
529,Frostbite-ram-v4
530,Frostbite-ramDeterministic-v4
531,Frostbite-ramNoFrameskip-v4
532,Gopher-v0
533,GopherDeterministic-v0
534,GopherNoFrameskip-v0
535,Gopher-v4
536,GopherDeterministic-v4
537,GopherNoFrameskip-v4
538,Gopher-ram-v0
539,Gopher-ramDeterministic-v0
540,Gopher-ramNoFrameskip-v0
541,Gopher-ram-v4
542,Gopher-ramDeterministic-v4
543,Gopher-ramNoFrameskip-v4
544,Gravitar-v0
545,GravitarDeterministic-v0
546,GravitarNoFrameskip-v0
547,Gravitar-v4
548,GravitarDeterministic-v4
549,GravitarNoFrameskip-v4
550,Gravitar-ram-v0
551,Gravitar-ramDeterministic-v0
552,Gravitar-ramNoFrameskip-v0
553,Gravitar-ram-v4
554,Gravitar-ramDeterministic-v4
555,Gravitar-ramNoFrameskip-v4
556,Hero-v0
557,HeroDeterministic-v0
558,HeroNoFrameskip-v0
559,Hero-v4
560,HeroDeterministic-v4
561,HeroNoFrameskip-v4
562,Hero-ram-v0
563,Hero-ramDeterministic-v0
564,Hero-ramNoFrameskip-v0
565,Hero-ram-v4
566,Hero-ramDeterministic-v4
567,Hero-ramNoFrameskip-v4
568,IceHockey-v0
569,IceHockeyDeterministic-v0
570,IceHockeyNoFrameskip-v0
571,IceHockey-v4
572,IceHockeyDeterministic-v4
573,IceHockeyNoFrameskip-v4
574,IceHockey-ram-v0
575,IceHockey-ramDeterministic-v0
576,IceHockey-ramNoFrameskip-v0
577,IceHockey-ram-v4
578,IceHockey-ramDeterministic-v4
579,IceHockey-ramNoFrameskip-v4
580,Jamesbond-v0
581,JamesbondDeterministic-v0
582,JamesbondNoFrameskip-v0
583,Jamesbond-v4
584,JamesbondDeterministic-v4
585,JamesbondNoFrameskip-v4
586,Jamesbond-ram-v0
587,Jamesbond-ramDeterministic-v0
588,Jamesbond-ramNoFrameskip-v0
589,Jamesbond-ram-v4
590,Jamesbond-ramDeterministic-v4
591,Jamesbond-ramNoFrameskip-v4
592,JourneyEscape-v0
593,JourneyEscapeDeterministic-v0
594,JourneyEscapeNoFrameskip-v0
595,JourneyEscape-v4
596,JourneyEscapeDeterministic-v4
597,JourneyEscapeNoFrameskip-v4
598,JourneyEscape-ram-v0
599,JourneyEscape-ramDeterministic-v0
600,JourneyEscape-ramNoFrameskip-v0
601,JourneyEscape-ram-v4
602,JourneyEscape-ramDeterministic-v4
603,JourneyEscape-ramNoFrameskip-v4
604,Kangaroo-v0
605,KangarooDeterministic-v0
606,KangarooNoFrameskip-v0
607,Kangaroo-v4
608,KangarooDeterministic-v4
609,KangarooNoFrameskip-v4
610,Kangaroo-ram-v0
611,Kangaroo-ramDeterministic-v0
612,Kangaroo-ramNoFrameskip-v0
613,Kangaroo-ram-v4
614,Kangaroo-ramDeterministic-v4
615,Kangaroo-ramNoFrameskip-v4
616,Krull-v0
617,KrullDeterministic-v0
618,KrullNoFrameskip-v0
619,Krull-v4
620,KrullDeterministic-v4
621,KrullNoFrameskip-v4
622,Krull-ram-v0
623,Krull-ramDeterministic-v0
624,Krull-ramNoFrameskip-v0
625,Krull-ram-v4
626,Krull-ramDeterministic-v4
627,Krull-ramNoFrameskip-v4
628,KungFuMaster-v0
629,KungFuMasterDeterministic-v0
630,KungFuMasterNoFrameskip-v0
631,KungFuMaster-v4
632,KungFuMasterDeterministic-v4
633,KungFuMasterNoFrameskip-v4
634,KungFuMaster-ram-v0
635,KungFuMaster-ramDeterministic-v0
636,KungFuMaster-ramNoFrameskip-v0
637,KungFuMaster-ram-v4
638,KungFuMaster-ramDeterministic-v4
639,KungFuMaster-ramNoFrameskip-v4
640,MontezumaRevenge-v0
641,MontezumaRevengeDeterministic-v0
642,MontezumaRevengeNoFrameskip-v0
643,MontezumaRevenge-v4
644,MontezumaRevengeDeterministic-v4
645,MontezumaRevengeNoFrameskip-v4
646,MontezumaRevenge-ram-v0
647,MontezumaRevenge-ramDeterministic-v0
648,MontezumaRevenge-ramNoFrameskip-v0
649,MontezumaRevenge-ram-v4
650,MontezumaRevenge-ramDeterministic-v4
651,MontezumaRevenge-ramNoFrameskip-v4
652,MsPacman-v0
653,MsPacmanDeterministic-v0
654,MsPacmanNoFrameskip-v0
655,MsPacman-v4
656,MsPacmanDeterministic-v4
657,MsPacmanNoFrameskip-v4
658,MsPacman-ram-v0
659,MsPacman-ramDeterministic-v0
660,MsPacman-ramNoFrameskip-v0
661,MsPacman-ram-v4
662,MsPacman-ramDeterministic-v4
663,MsPacman-ramNoFrameskip-v4
664,NameThisGame-v0
665,NameThisGameDeterministic-v0
666,NameThisGameNoFrameskip-v0
667,NameThisGame-v4
668,NameThisGameDeterministic-v4
669,NameThisGameNoFrameskip-v4
670,NameThisGame-ram-v0
671,NameThisGame-ramDeterministic-v0
672,NameThisGame-ramNoFrameskip-v0
673,NameThisGame-ram-v4
674,NameThisGame-ramDeterministic-v4
675,NameThisGame-ramNoFrameskip-v4
676,Phoenix-v0
677,PhoenixDeterministic-v0
678,PhoenixNoFrameskip-v0
679,Phoenix-v4
680,PhoenixDeterministic-v4
681,PhoenixNoFrameskip-v4
682,Phoenix-ram-v0
683,Phoenix-ramDeterministic-v0
684,Phoenix-ramNoFrameskip-v0
685,Phoenix-ram-v4
686,Phoenix-ramDeterministic-v4
687,Phoenix-ramNoFrameskip-v4
688,Pitfall-v0
689,PitfallDeterministic-v0
690,PitfallNoFrameskip-v0
691,Pitfall-v4
692,PitfallDeterministic-v4
693,PitfallNoFrameskip-v4
694,Pitfall-ram-v0
695,Pitfall-ramDeterministic-v0
696,Pitfall-ramNoFrameskip-v0
697,Pitfall-ram-v4
698,Pitfall-ramDeterministic-v4
699,Pitfall-ramNoFrameskip-v4
700,Pong-v0
701,PongDeterministic-v0
702,PongNoFrameskip-v0
703,Pong-v4
704,PongDeterministic-v4
705,PongNoFrameskip-v4
706,Pong-ram-v0
707,Pong-ramDeterministic-v0
708,Pong-ramNoFrameskip-v0
709,Pong-ram-v4
710,Pong-ramDeterministic-v4
711,Pong-ramNoFrameskip-v4
712,Pooyan-v0
713,PooyanDeterministic-v0
714,PooyanNoFrameskip-v0
715,Pooyan-v4
716,PooyanDeterministic-v4
717,PooyanNoFrameskip-v4
718,Pooyan-ram-v0
719,Pooyan-ramDeterministic-v0
720,Pooyan-ramNoFrameskip-v0
721,Pooyan-ram-v4
722,Pooyan-ramDeterministic-v4
723,Pooyan-ramNoFrameskip-v4
724,PrivateEye-v0
725,PrivateEyeDeterministic-v0
726,PrivateEyeNoFrameskip-v0
727,PrivateEye-v4
728,PrivateEyeDeterministic-v4
729,PrivateEyeNoFrameskip-v4
730,PrivateEye-ram-v0
731,PrivateEye-ramDeterministic-v0
732,PrivateEye-ramNoFrameskip-v0
733,PrivateEye-ram-v4
734,PrivateEye-ramDeterministic-v4
735,PrivateEye-ramNoFrameskip-v4
736,Qbert-v0
737,QbertDeterministic-v0
738,QbertNoFrameskip-v0
739,Qbert-v4
740,QbertDeterministic-v4
741,QbertNoFrameskip-v4
742,Qbert-ram-v0
743,Qbert-ramDeterministic-v0
744,Qbert-ramNoFrameskip-v0
745,Qbert-ram-v4
746,Qbert-ramDeterministic-v4
747,Qbert-ramNoFrameskip-v4
748,Riverraid-v0
749,RiverraidDeterministic-v0
750,RiverraidNoFrameskip-v0
751,Riverraid-v4
752,RiverraidDeterministic-v4
753,RiverraidNoFrameskip-v4
754,Riverraid-ram-v0
755,Riverraid-ramDeterministic-v0
756,Riverraid-ramNoFrameskip-v0
757,Riverraid-ram-v4
758,Riverraid-ramDeterministic-v4
759,Riverraid-ramNoFrameskip-v4
760,RoadRunner-v0
761,RoadRunnerDeterministic-v0
762,RoadRunnerNoFrameskip-v0
763,RoadRunner-v4
764,RoadRunnerDeterministic-v4
765,RoadRunnerNoFrameskip-v4
766,RoadRunner-ram-v0
767,RoadRunner-ramDeterministic-v0
768,RoadRunner-ramNoFrameskip-v0
769,RoadRunner-ram-v4
770,RoadRunner-ramDeterministic-v4
771,RoadRunner-ramNoFrameskip-v4
772,Robotank-v0
773,RobotankDeterministic-v0
774,RobotankNoFrameskip-v0
775,Robotank-v4
776,RobotankDeterministic-v4
777,RobotankNoFrameskip-v4
778,Robotank-ram-v0
779,Robotank-ramDeterministic-v0
780,Robotank-ramNoFrameskip-v0
781,Robotank-ram-v4
782,Robotank-ramDeterministic-v4
783,Robotank-ramNoFrameskip-v4
784,Seaquest-v0
785,SeaquestDeterministic-v0
786,SeaquestNoFrameskip-v0
787,Seaquest-v4
788,SeaquestDeterministic-v4
789,SeaquestNoFrameskip-v4
790,Seaquest-ram-v0
791,Seaquest-ramDeterministic-v0
792,Seaquest-ramNoFrameskip-v0
793,Seaquest-ram-v4
794,Seaquest-ramDeterministic-v4
795,Seaquest-ramNoFrameskip-v4
796,Skiing-v0
797,SkiingDeterministic-v0
798,SkiingNoFrameskip-v0
799,Skiing-v4
800,SkiingDeterministic-v4
801,SkiingNoFrameskip-v4
802,Skiing-ram-v0
803,Skiing-ramDeterministic-v0
804,Skiing-ramNoFrameskip-v0
805,Skiing-ram-v4
806,Skiing-ramDeterministic-v4
807,Skiing-ramNoFrameskip-v4
808,Solaris-v0
809,SolarisDeterministic-v0
810,SolarisNoFrameskip-v0
811,Solaris-v4
812,SolarisDeterministic-v4
813,SolarisNoFrameskip-v4
814,Solaris-ram-v0
815,Solaris-ramDeterministic-v0
816,Solaris-ramNoFrameskip-v0
817,Solaris-ram-v4
818,Solaris-ramDeterministic-v4
819,Solaris-ramNoFrameskip-v4
820,SpaceInvaders-v0
821,SpaceInvadersDeterministic-v0
822,SpaceInvadersNoFrameskip-v0
823,SpaceInvaders-v4
824,SpaceInvadersDeterministic-v4
825,SpaceInvadersNoFrameskip-v4
826,SpaceInvaders-ram-v0
827,SpaceInvaders-ramDeterministic-v0
828,SpaceInvaders-ramNoFrameskip-v0
829,SpaceInvaders-ram-v4
830,SpaceInvaders-ramDeterministic-v4
831,SpaceInvaders-ramNoFrameskip-v4
832,StarGunner-v0
833,StarGunnerDeterministic-v0
834,StarGunnerNoFrameskip-v0
835,StarGunner-v4
836,StarGunnerDeterministic-v4
837,StarGunnerNoFrameskip-v4
838,StarGunner-ram-v0
839,StarGunner-ramDeterministic-v0
840,StarGunner-ramNoFrameskip-v0
841,StarGunner-ram-v4
842,StarGunner-ramDeterministic-v4
843,StarGunner-ramNoFrameskip-v4
844,Tennis-v0
845,TennisDeterministic-v0
846,TennisNoFrameskip-v0
847,Tennis-v4
848,TennisDeterministic-v4
849,TennisNoFrameskip-v4
850,Tennis-ram-v0
851,Tennis-ramDeterministic-v0
852,Tennis-ramNoFrameskip-v0
853,Tennis-ram-v4
854,Tennis-ramDeterministic-v4
855,Tennis-ramNoFrameskip-v4
856,TimePilot-v0
857,TimePilotDeterministic-v0
858,TimePilotNoFrameskip-v0
859,TimePilot-v4
860,TimePilotDeterministic-v4
861,TimePilotNoFrameskip-v4
862,TimePilot-ram-v0
863,TimePilot-ramDeterministic-v0
864,TimePilot-ramNoFrameskip-v0
865,TimePilot-ram-v4
866,TimePilot-ramDeterministic-v4
867,TimePilot-ramNoFrameskip-v4
868,Tutankham-v0
869,TutankhamDeterministic-v0
870,TutankhamNoFrameskip-v0
871,Tutankham-v4
872,TutankhamDeterministic-v4
873,TutankhamNoFrameskip-v4
874,Tutankham-ram-v0
875,Tutankham-ramDeterministic-v0
876,Tutankham-ramNoFrameskip-v0
877,Tutankham-ram-v4
878,Tutankham-ramDeterministic-v4
879,Tutankham-ramNoFrameskip-v4
880,UpNDown-v0
881,UpNDownDeterministic-v0
882,UpNDownNoFrameskip-v0
883,UpNDown-v4
884,UpNDownDeterministic-v4
885,UpNDownNoFrameskip-v4
886,UpNDown-ram-v0
887,UpNDown-ramDeterministic-v0
888,UpNDown-ramNoFrameskip-v0
889,UpNDown-ram-v4
890,UpNDown-ramDeterministic-v4
891,UpNDown-ramNoFrameskip-v4
892,Venture-v0
893,VentureDeterministic-v0
894,VentureNoFrameskip-v0
895,Venture-v4
896,VentureDeterministic-v4
897,VentureNoFrameskip-v4
898,Venture-ram-v0
899,Venture-ramDeterministic-v0
900,Venture-ramNoFrameskip-v0
901,Venture-ram-v4
902,Venture-ramDeterministic-v4
903,Venture-ramNoFrameskip-v4
904,VideoPinball-v0
905,VideoPinballDeterministic-v0
906,VideoPinballNoFrameskip-v0
907,VideoPinball-v4
908,VideoPinballDeterministic-v4
909,VideoPinballNoFrameskip-v4
910,VideoPinball-ram-v0
911,VideoPinball-ramDeterministic-v0
912,VideoPinball-ramNoFrameskip-v0
913,VideoPinball-ram-v4
914,VideoPinball-ramDeterministic-v4
915,VideoPinball-ramNoFrameskip-v4
916,WizardOfWor-v0
917,WizardOfWorDeterministic-v0
918,WizardOfWorNoFrameskip-v0
919,WizardOfWor-v4
920,WizardOfWorDeterministic-v4
921,WizardOfWorNoFrameskip-v4
922,WizardOfWor-ram-v0
923,WizardOfWor-ramDeterministic-v0
924,WizardOfWor-ramNoFrameskip-v0
925,WizardOfWor-ram-v4
926,WizardOfWor-ramDeterministic-v4
927,WizardOfWor-ramNoFrameskip-v4
928,YarsRevenge-v0
929,YarsRevengeDeterministic-v0
930,YarsRevengeNoFrameskip-v0
931,YarsRevenge-v4
932,YarsRevengeDeterministic-v4
933,YarsRevengeNoFrameskip-v4
934,YarsRevenge-ram-v0
935,YarsRevenge-ramDeterministic-v0
936,YarsRevenge-ramNoFrameskip-v0
937,YarsRevenge-ram-v4
938,YarsRevenge-ramDeterministic-v4
939,YarsRevenge-ramNoFrameskip-v4
940,Zaxxon-v0
941,ZaxxonDeterministic-v0
942,ZaxxonNoFrameskip-v0
943,Zaxxon-v4
944,ZaxxonDeterministic-v4
945,ZaxxonNoFrameskip-v4
946,Zaxxon-ram-v0
947,Zaxxon-ramDeterministic-v0
948,Zaxxon-ramNoFrameskip-v0
949,Zaxxon-ram-v4
950,Zaxxon-ramDeterministic-v4
951,Zaxxon-ramNoFrameskip-v4
952,CartPole-v0
953,CartPole-v1
954,MountainCar-v0
955,MountainCarContinuous-v0
956,Pendulum-v1
957,Acrobot-v1
958,LunarLander-v2
959,LunarLanderContinuous-v2
960,BipedalWalker-v3
961,BipedalWalkerHardcore-v3
962,CarRacing-v1
963,CarRacingDomainRandomize-v1
964,CarRacingDiscrete-v1
965,CarRacingDomainRandomizeDiscrete-v1
966,Blackjack-v1
967,FrozenLake-v1
968,FrozenLake8x8-v1
969,CliffWalking-v0
970,Taxi-v3
971,Reacher-v2
972,Reacher-v4
973,Pusher-v2
974,Pusher-v4
975,InvertedPendulum-v2
976,InvertedPendulum-v4
977,InvertedDoublePendulum-v2
978,InvertedDoublePendulum-v4
979,HalfCheetah-v2
980,HalfCheetah-v3
981,HalfCheetah-v4
982,Hopper-v2
983,Hopper-v3
984,Hopper-v4
985,Swimmer-v2
986,Swimmer-v3
987,Swimmer-v4
988,Walker2d-v2
989,Walker2d-v3
990,Walker2d-v4
991,Ant-v2
992,Ant-v3
993,Ant-v4
994,Humanoid-v2
995,Humanoid-v3
996,Humanoid-v4
997,HumanoidStandup-v2
998,HumanoidStandup-v4
